<pkgref spec="1.12" uuid="09533AB8-5081-4C20-B228-051BC89644B1"><config><identifier>verisigninc.com.getdnsApi.include.pkg</identifier><version>0.1.1</version><description></description><post-install type="none"/><requireAuthorization/><installFrom relative="true">../getdnsosx/export/include</installFrom><installTo mod="true" relocatable="true">/usr/local/include</installTo><flags><followSymbolicLinks/></flags><packageStore type="internal"></packageStore><mod>version</mod><mod>installTo</mod><mod>installFrom.isAbsoluteType</mod><mod>relocatable</mod><mod>identifier</mod><mod>parent</mod><mod>includeRoot</mod><mod>installTo.path</mod><mod>requireAuthorization</mod><mod>extraFiles</mod></config><contents><file-list>01include-contents.xml</file-list><filter>/CVS$</filter><filter>/\.svn$</filter><filter>/\.cvsignore$</filter><filter>/\.cvspass$</filter><filter>/\.DS_Store$</filter></contents><extra-files/></pkgref>