<pkg-contents spec="1.12"><f n="lib" o="root" g="wheel" p="16877" pt="/Users/gwiley/getdnsosx/export/lib" m="false" t="file"><f n="libgetdns-0.1.1.0.dylib" o="root" g="wheel" p="33261"/><f n="libgetdns.a" o="root" g="wheel" p="33188"/><f n="libgetdns.dylib" o="root" g="wheel" p="41453"/><f n="libgetdns.la" o="root" g="wheel" p="33188"/><f n="libgetdns_ext_event-0.1.1.0.dylib" o="root" g="wheel" p="33261"/><f n="libgetdns_ext_event.a" o="root" g="wheel" p="33188"/><f n="libgetdns_ext_event.dylib" o="root" g="wheel" p="41453"/><f n="libgetdns_ext_event.la" o="root" g="wheel" p="33188"/></f></pkg-contents>
