<pkgref spec="1.12" uuid="FE53C8A7-F9E8-4B77-9634-6D2B93FF4242"><config><identifier>verisigninc.com.getdnsApi.lib.pkg</identifier><version>1.1</version><description></description><post-install type="none"/><requireAuthorization/><installFrom>/Users/gwiley/getdnsosx/export/lib</installFrom><installTo mod="true" relocatable="true">/usr/local/lib</installTo><flags><followSymbolicLinks/></flags><packageStore type="internal"></packageStore><mod>installTo</mod><mod>relocatable</mod><mod>identifier</mod><mod>parent</mod><mod>version</mod><mod>installTo.path</mod><mod>extraFiles</mod><mod>requireAuthorization</mod></config><contents><file-list>02lib-contents.xml</file-list><filter>/CVS$</filter><filter>/\.svn$</filter><filter>/\.cvsignore$</filter><filter>/\.cvspass$</filter><filter>/\.DS_Store$</filter></contents><extra-files/></pkgref>