<pkgref spec="1.12" uuid="48C4E6AC-5FE3-43BB-98FE-206052823135"><config><identifier>verisigninc.com.getdnsApi.share.pkg</identifier><version>0.1.1</version><description></description><post-install type="none"/><requireAuthorization/><installFrom>/Users/gwiley/getdnsosx/export/share</installFrom><installTo mod="true" relocatable="true">/usr/local/share</installTo><flags><followSymbolicLinks/></flags><packageStore type="internal"></packageStore><mod>installTo</mod><mod>relocatable</mod><mod>identifier</mod><mod>parent</mod><mod>version</mod><mod>installTo.path</mod><mod>extraFiles</mod><mod>requireAuthorization</mod></config><contents><file-list>03share-contents.xml</file-list><filter>/CVS$</filter><filter>/\.svn$</filter><filter>/\.cvsignore$</filter><filter>/\.cvspass$</filter><filter>/\.DS_Store$</filter></contents><extra-files/></pkgref>