<pkg-contents spec="1.12"><f n="share" o="root" g="wheel" p="16877" pt="/Users/gwiley/getdnsosx/export/share" m="false" t="file"><f n="doc" o="root" g="wheel" p="16877"><f n="getdns-0.1.1" o="root" g="wheel" p="16877"><f n="AUTHORS" o="root" g="wheel" p="33188"/><f n="ChangeLog" o="root" g="wheel" p="33188"/><f n="COPYING" o="root" g="wheel" p="33188"/><f n="INSTALL" o="root" g="wheel" p="33188"/><f n="LICENSE" o="root" g="wheel" p="33188"/><f n="NEWS" o="root" g="wheel" p="33188"/><f n="README.md" o="root" g="wheel" p="33188"/><f n="spec" o="root" g="wheel" p="16877"><f n="getdns-0.5.tgz" o="root" g="wheel" p="33188"/><f n="index.html" o="root" g="wheel" p="33188"/></f></f></f><f n="man" o="root" g="wheel" p="16877"><f n="man3" o="root" g="wheel" p="16877"><f n="getdns_address.3" o="root" g="wheel" p="33188"/><f n="getdns_address_sync.3" o="root" g="wheel" p="33188"/><f n="getdns_cancel_callback.3" o="root" g="wheel" p="33188"/><f n="getdns_context.3" o="root" g="wheel" p="33188"/><f n="getdns_context_create.3" o="root" g="wheel" p="33188"/><f n="getdns_context_create_with_extended_memory_functions.3" o="root" g="wheel" p="33188"/><f n="getdns_context_create_with_memory_functions.3" o="root" g="wheel" p="33188"/><f n="getdns_context_destroy.3" o="root" g="wheel" p="33188"/><f n="getdns_context_set.3" o="root" g="wheel" p="33188"/><f n="getdns_context_set_append_name.3" o="root" g="wheel" p="33188"/><f n="getdns_context_set_context_update_callback.3" o="root" g="wheel" p="33188"/><f n="getdns_context_set_dns_root_servers.3" o="root" g="wheel" p="33188"/><f n="getdns_context_set_dns_transport.3" o="root" g="wheel" p="33188"/><f n="getdns_context_set_follow_redirects.3" o="root" g="wheel" p="33188"/><f n="getdns_context_set_limit_outstanding_queries.3" o="root" g="wheel" p="33188"/><f n="getdns_context_set_namespaces.3" o="root" g="wheel" p="33188"/><f n="getdns_context_set_resolution_type.3" o="root" g="wheel" p="33188"/><f n="getdns_context_set_timeout.3" o="root" g="wheel" p="33188"/><f n="getdns_convert.3" o="root" g="wheel" p="33188"/><f n="getdns_convert_dns_name_to_fqdn.3" o="root" g="wheel" p="33188"/><f n="getdns_convert_fqdn_to_dns_name.3" o="root" g="wheel" p="33188"/><f n="getdns_dict.3" o="root" g="wheel" p="33188"/><f n="getdns_dict_create.3" o="root" g="wheel" p="33188"/><f n="getdns_dict_destroy.3" o="root" g="wheel" p="33188"/><f n="getdns_dict_get.3" o="root" g="wheel" p="33188"/><f n="getdns_dict_get_bindata.3" o="root" g="wheel" p="33188"/><f n="getdns_dict_get_data_type.3" o="root" g="wheel" p="33188"/><f n="getdns_dict_get_dict.3" o="root" g="wheel" p="33188"/><f n="getdns_dict_get_int.3" o="root" g="wheel" p="33188"/><f n="getdns_dict_get_list.3" o="root" g="wheel" p="33188"/><f n="getdns_dict_get_names.3" o="root" g="wheel" p="33188"/><f n="getdns_dict_set.3" o="root" g="wheel" p="33188"/><f n="getdns_dict_set_bindata.3" o="root" g="wheel" p="33188"/><f n="getdns_dict_set_dict.3" o="root" g="wheel" p="33188"/><f n="getdns_dict_set_int.3" o="root" g="wheel" p="33188"/><f n="getdns_dict_set_list.3" o="root" g="wheel" p="33188"/><f n="getdns_free_sync_request_memory.3" o="root" g="wheel" p="33188"/><f n="getdns_general.3" o="root" g="wheel" p="33188"/><f n="getdns_general_sync.3" o="root" g="wheel" p="33188"/><f n="getdns_hostname.3" o="root" g="wheel" p="33188"/><f n="getdns_hostname_sync.3" o="root" g="wheel" p="33188"/><f n="getdns_list.3" o="root" g="wheel" p="33188"/><f n="getdns_list_create.3" o="root" g="wheel" p="33188"/><f n="getdns_list_destroy.3" o="root" g="wheel" p="33188"/><f n="getdns_list_get.3" o="root" g="wheel" p="33188"/><f n="getdns_list_get_bindata.3" o="root" g="wheel" p="33188"/><f n="getdns_list_get_data_type.3" o="root" g="wheel" p="33188"/><f n="getdns_list_get_dict.3" o="root" g="wheel" p="33188"/><f n="getdns_list_get_int.3" o="root" g="wheel" p="33188"/><f n="getdns_list_get_length.3" o="root" g="wheel" p="33188"/><f n="getdns_list_get_list.3" o="root" g="wheel" p="33188"/><f n="getdns_list_set.3" o="root" g="wheel" p="33188"/><f n="getdns_list_set_bindata.3" o="root" g="wheel" p="33188"/><f n="getdns_list_set_dict.3" o="root" g="wheel" p="33188"/><f n="getdns_list_set_int.3" o="root" g="wheel" p="33188"/><f n="getdns_list_set_list.3" o="root" g="wheel" p="33188"/><f n="getdns_service.3" o="root" g="wheel" p="33188"/><f n="getdns_service_sync.3" o="root" g="wheel" p="33188"/><f n="libgetdns.3" o="root" g="wheel" p="33188"/></f></f></f></pkg-contents>
