<pkmkdoc spec="1.12"><properties><title>getdns API</title><build>/Users/gwiley/getdns-bin/getdns-0.1.1-OSX10_8.mpkg</build><organization>getdnsapi.net</organization><userSees ui="both"/><min-target os="2"/><domain anywhere="true" system="true"/></properties><distribution><versions min-spec="1.000000"/><scripts></scripts></distribution><description>Modern API that provides asynchronous access to the modern features of the DNS.  See http://getdnsapi.net for more details.</description><contents><choice title="include" id="choice0" starts_selected="true" starts_enabled="true" starts_hidden="false"><pkgref id="verisigninc.com.getdnsApi.include.pkg"/></choice><choice title="lib" id="choice1" starts_selected="true" starts_enabled="true" starts_hidden="false"><pkgref id="verisigninc.com.getdnsApi.lib.pkg"/></choice><choice title="share" id="choice2" starts_selected="true" starts_enabled="true" starts_hidden="false"><pkgref id="verisigninc.com.getdnsApi.share.pkg"/></choice></contents><resources bg-scale="none" bg-align="topleft"><locale lang="en"><resource mod="true" type="license">/Users/gwiley/getdns/LICENSE</resource><resource mod="true" type="readme">/Users/gwiley/getdns/README.md</resource><resource mime-type="text/rtf" kind="embedded" type="welcome"><![CDATA[{\rtf1\ansi\ansicpg1252\cocoartf1187\cocoasubrtf400
{\fonttbl\f0\fnil\fcharset0 LucidaGrande;}
{\colortbl;\red255\green255\blue255;}
\pard\tx560\tx1120\tx1680\tx2240\tx2800\tx3360\tx3920\tx4480\tx5040\tx5600\tx6160\tx6720\pardirnatural

\f0\fs26 \cf0 getdns is a modern asynchronous DNS API intended to make all types of DNS information easily available as described by Paul Hoffman.  \
\
This implementation is licensed under the New BSD License (BSD-new).\
\
The project page is at http://www.getdnsapi.net\
\
This binary distribution requires:\
\
libevent\
libidn\
libldns\
libunbound\
}]]></resource></locale></resources><flags/><extra-files/><item type="file">01include.xml</item><item type="file">02lib.xml</item><item type="file">03share.xml</item><mod>properties.systemDomain</mod><mod>properties.title</mod><mod>properties.customizeOption</mod><mod>description</mod><mod>extraFiles</mod></pkmkdoc>