{"schemaVersion":25,"addons":[{"id":"CanvasBlocker@kkapsner.de","syncGUID":"{e37606f7-7007-4960-85fd-7ae93e8a2d51}","location":"app-system-local","version":"0.4.2","type":"webextension","internalName":null,"updateURL":null,"updateKey":null,"optionsURL":"options/options.html","optionsType":5,"optionsBrowserStyle":true,"aboutURL":null,"defaultLocale":{"name":"CanvasBlocker","description":"Changes the JS-API for modifying <canvas> to prevent Canvas-Fingerprinting.","creator":"Korbinian Kapsner","developers":null,"translators":null,"contributors":null},"visible":false,"active":false,"userDisabled":false,"appDisabled":false,"installDate":1504048365000,"updateDate":1512667310000,"applyBackgroundUpdates":1,"bootstrap":true,"path":"/usr/lib/mozilla/extensions/{ec8030f7-c20a-464f-9b0e-13a3a9e97384}/CanvasBlocker@kkapsner.de.xpi","skinnable":false,"size":255806,"sourceURI":null,"releaseNotesURI":null,"softDisabled":false,"foreignInstall":true,"strictCompatibility":true,"locales":[{"name":"CanvasBlocker","description":"Changes the JS-API for modifying <canvas> to prevent Canvas-Fingerprinting.","creator":"Korbinian Kapsner","developers":null,"translators":null,"contributors":null,"locales":["en"]},{"name":"CanvasBlocker","description":"Ändert die JS-API zum Ändern von <canvas> um Canvas-Fingerprinting zu verhindern.","creator":"Korbinian Kapsner","developers":null,"translators":null,"contributors":null,"locales":["de"]}],"targetApplications":[{"id":"toolkit@mozilla.org","minVersion":"52.0","maxVersion":null}],"targetPlatforms":[],"multiprocessCompatible":true,"signedState":2,"seen":true,"dependencies":[],"hasEmbeddedWebExtension":false,"userPermissions":{"permissions":["storage","tabs","activeTab"],"origins":["<all_urls>"]},"icons":{"48":"icons/icon.svg","96":"icons/icon.svg"},"iconURL":null,"icon64URL":null,"blocklistState":0,"blocklistURL":null,"startupData":null},{"id":"{73a6fe31-595d-460b-a920-fcc0f8843232}","syncGUID":"{54eb2791-4fd3-4faa-8181-30eb38425f7f}","location":"app-system-local","version":"5.1.8.1","type":"extension","internalName":null,"updateURL":null,"updateKey":null,"optionsURL":"chrome://noscript/content/noscriptOptions.xul","optionsType":null,"aboutURL":"chrome://noscript/content/about.xul","defaultLocale":{"name":"NoScript","description":"Extra protection for your Firefox: NoScript allows JavaScript, Java (and other plugins) only for trusted domains of your choice (e.g. your home-banking web site). This whitelist based pre-emptive blocking approach  prevents exploitation of security vulnerabilities (known and even unknown!) with no loss of functionality... Experts will agree: Firefox is really safer with NoScript :-)","creator":"Giorgio Maone","homepageURL":"https://noscript.net","contributors":["aivo (Estonian translation)","Alberto Martínez, EduLeo & Urko (Spanish translation)","Algimantas Margevičius (Lithuanian translation)","Asaf Bartov & baryoni (Hebrew translation)","Alf and Liesbeth (Dutch translation)","Alexander Sokolov, Sergei Smirnov and negodnik (Russian translation)","Batuhan Çetin, Volkan Gezer and eveterinary (Turkish translation)","Baurzhan Muftakhidinov (Kazakh translation)","Beerboy & Haebaru (Japanese translation)","Carsten Winkler (Danish translation)","Chiou Po-Jung (Chinese Traditional translation)","Dario Ornelas (Portuguese translation)","drAcOniS and Petr Jirsa (Czech translation)","Drive DRKA and Dzmitry Drazdou (Belarusian translation)","Engin Yazılan, Erkan Kaplan & Fathi  (Turkish translation)","Georgi Marchev (Bulgarian translation)","Håvard Mork (Norwegian bokmål translation)","Hwasung Kim (Places bookmarklet patch)","Ivan Pesic, dragan021 (Serbian translation)","Ivan Jonoski (Macedonian translation)","Jameka (Swedish translation)","Joan-Josep Bargues (Catalan translation)","Joshua Issac (Malay translation)","Khaled Hosny & Nassim Dhaher (Arabic translation)","Krcko (Croatian translation)","Ian Moody (English GB translation)","LocaLiceR (Hungarian translation)","Lukasz Biegaj & Teo (Polish translation)","Michela Venuto (inspiration)","Mika Pirinen (Finnish translation)","Mindaugas Jakutis (Lithuanian translation)","Mikes Kaszmán István (Hungarian translation)","MozUA (Ukrainian translation)","Pedram Veisi (Persian translation)","Peter Bradley (Welsh translation)","Raryel Costa Souza (Brazilian Portuguese)","regfreak (Indonesian translation)","roebek (Galician translation)","Qen (Thai translation)","seaousak (Korean translation)","SlovakSoft (Slovak translation)","Sonickydon (Greek translation)","Stiepan A. Kovac (Croatian translation)","swarnava (Bengali translation)","Tomaz Macus (Slovenian translation)","Thomas, milupo & Volker Hable (German translation)","tonynguyen and loveleeyoungae (Vietnamese translation)","x10firefox and Ultravioletu (Romanian translation)","Xavier Robin & BlackJack (French translation)","X.F Mao & George C. Tsoi (Simplified Chinese)"]},"visible":false,"active":false,"userDisabled":false,"appDisabled":true,"installDate":1507407591000,"updateDate":1512667561000,"applyBackgroundUpdates":1,"bootstrap":true,"path":"/usr/lib/mozilla/extensions/{ec8030f7-c20a-464f-9b0e-13a3a9e97384}/{73a6fe31-595d-460b-a920-fcc0f8843232}.xpi","skinnable":false,"size":2150190,"sourceURI":null,"releaseNotesURI":null,"softDisabled":false,"foreignInstall":true,"strictCompatibility":false,"locales":[],"targetApplications":[{"id":"{ec8030f7-c20a-464f-9b0e-13a3a9e97384}","minVersion":"45.0","maxVersion":"56.0"},{"id":"{92650c4d-4b8e-4d2a-b7eb-24ecf4f6b63a}","minVersion":"2.42","maxVersion":"*"},{"id":"{8de7fcbb-c55c-4fbe-bfc5-fc555c87dbc4}","minVersion":"27.0.2","maxVersion":"*"}],"targetPlatforms":[],"multiprocessCompatible":true,"signedState":2,"seen":true,"dependencies":[],"hasEmbeddedWebExtension":true,"mpcOptedOut":false,"userPermissions":null,"icons":{},"iconURL":"chrome://noscript/skin/icon32.png","icon64URL":"chrome://noscript/skin/icon64.png","blocklistState":0,"blocklistURL":null,"startupData":null},{"id":"jid1-AVgCeF1zoVzMjA@jetpack","syncGUID":"{c33615e3-6224-40f7-89fe-1715ea83b1c4}","location":"app-system-local","version":"0.9.5.6","type":"extension","internalName":null,"updateURL":null,"updateKey":null,"optionsURL":"data:text/xml,<placeholder/>","optionsType":"2","aboutURL":null,"defaultLocale":{"name":"Random Agent Spoofer","description":"Allows the use of various browser profiles (including useragent ,platform, oscpu, accept headers and other options), which it can randomly switch between after a chosen period of time has expired","creator":"dbyrne","homepageURL":"https://github.com/dillbyrne/random-agent-spoofer"},"visible":true,"active":false,"userDisabled":false,"appDisabled":true,"installDate":1505845075000,"updateDate":1512667822000,"applyBackgroundUpdates":1,"bootstrap":true,"path":"/usr/lib/mozilla/extensions/{ec8030f7-c20a-464f-9b0e-13a3a9e97384}/jid1-AVgCeF1zoVzMjA@jetpack.xpi","skinnable":false,"size":501203,"sourceURI":null,"releaseNotesURI":null,"softDisabled":false,"foreignInstall":true,"strictCompatibility":false,"locales":[],"targetApplications":[{"id":"{ec8030f7-c20a-464f-9b0e-13a3a9e97384}","minVersion":"38.0a1","maxVersion":"43.0"}],"targetPlatforms":[],"multiprocessCompatible":false,"signedState":2,"seen":true,"dependencies":[],"hasEmbeddedWebExtension":false,"mpcOptedOut":false,"icons":{},"iconURL":"resource://jid1-AVgCeF1zoVzMjA-at-jetpack/data/images/icon.png","icon64URL":null,"blocklistState":0,"blocklistURL":null,"startupData":null},{"id":"{73a6fe31-595d-460b-a920-fcc0f8843232}","syncGUID":"{313d0b31-4425-4f98-9b09-4e3586003106}","location":"app-profile","version":"10.1.9.9","type":"webextension","internalName":null,"updateURL":null,"updateKey":null,"optionsURL":"ui/options.html","optionsType":3,"optionsBrowserStyle":true,"aboutURL":null,"defaultLocale":{"name":"NoScript","description":"Extra protection for your Firefox: NoScript allows JavaScript, Flash (and other plugins) only for trusted domains of your choice (e.g. your home-banking web site). This whitelist based pre-emptive blocking approach prevents exploitation of security vulnerabilities (known and even unknown!) with no loss of functionality… Experts will agree: Firefox is really safer with NoScript :-)","creator":null,"developers":null,"translators":null,"contributors":null},"visible":true,"active":true,"userDisabled":false,"appDisabled":false,"installDate":1491851749000,"updateDate":1541178630000,"applyBackgroundUpdates":1,"bootstrap":true,"path":"/root/.mozilla/firefox/82iq79vs.default/extensions/{73a6fe31-595d-460b-a920-fcc0f8843232}.xpi","skinnable":false,"size":1121825,"sourceURI":null,"releaseNotesURI":null,"softDisabled":false,"foreignInstall":false,"strictCompatibility":true,"locales":[{"name":"NoScript","description":"Extra protection for your Firefox: NoScript allows JavaScript, Flash (and other plugins) only for trusted domains of your choice (e.g. your home-banking web site). This whitelist based pre-emptive blocking approach prevents exploitation of security vulnerabilities (known and even unknown!) with no loss of functionality… Experts will agree: Firefox is really safer with NoScript :-)","creator":null,"developers":null,"translators":null,"contributors":null,"locales":["en"]},{"name":"NoScript","description":"Ekstra beskyttelse for Firefox: NoScript tillater JavaScript, Flash (og andre programtillegg) kun for betrodde domener du velger (f.eks. din nettbankside). Denne hvitlistebaserte forhåndsblokkeringsbaserte tilnærmingen forhindrer utnytting av sikkerhetssvakheter (kjente og ukjente!) uten funksjonalitetstap… Eksperter vil bekrefte: Firefox er faktisk tryggere med NoScript :-)","creator":null,"developers":null,"translators":null,"contributors":null,"locales":["nb-NO"]},{"name":"NoScript","description":"Une protection supplémentaire pour votre Firefox : NoScript autorise JavaScript, Flash (et autres greffons) seulement pour les domaines de votre choix (p. ex. le site Web de votre banque). Cette approche de blocage préemptif, fondé sur une liste blanche, prévient l’exploitation de vulnérabilités informatiques (connues et inconnues) sans perte de fonctionnalité. Les experts seront d’accord : Firefox est vraiment plus sûr avec NoScript :-)","creator":null,"developers":null,"translators":null,"contributors":null,"locales":["fr"]},{"name":"NoScript","description":"Protezione extra per Firefox: NoScript consente JavaScript, Flash (e altri plug-in) solo per domini verificati di tua scelta (ad es. il tuo sito web di home banking). Questo approccio di blocco preventivo basato su whitelist previene lo sfruttamento delle vulnerabilità della sicurezza (note e persino sconosciute!) senza alcuna perdita di funzionalità… Gli esperti saranno d‘accordo: Firefox è davvero più sicuro con NoScript :-)","creator":null,"developers":null,"translators":null,"contributors":null,"locales":["it"]},{"name":"NoScript","description":"Zusätzliche Sicherheit für Ihren Firefox: Mit NoScript können Sie JavaScript, Flash, Java und andere ausführbare Inhalte bloß auf vertrauenswürdigen Domains Ihrer Wahl zulassen, z.B. beim Online-Banking. Dieser whitelist-basierte präventive Ansatz verhindert das Ausnutzen von (bekannten und unbekannten!) Sicherheitslücken ohne Verlust an Funktionalität… Experten sind sich einig: Firefox wird wirklich noch sicherer mithilfe von NoScript ;-)","creator":null,"developers":null,"translators":null,"contributors":null,"locales":["de"]},{"name":"NoScript","description":"Ekstra beskyttelse for Firefox: NoScript tillater JavaScript, Flash (og andre programtillegg) kun for betrodde domener du velger (f.eks. din nettbankside). Denne hvitlistebaserte forhåndsblokkeringsbaserte tilnærmingen forhindrer utnytting av sikkerhetssvakheter (kjente og ukjente!) uten funksjonalitetstap… Eksperter vil bekrefte: Firefox er faktisk tryggere med NoScript :-)","creator":null,"developers":null,"translators":null,"contributors":null,"locales":["nb"]},{"name":"NoScript","description":"Protecció addicional per al vostre Firefox: NoScript permet JavaScript, Flash (i altres connectors) només per als dominis de confiança que trieu (p. ex. el web de banca de la llar). L'enfocament de bloqueig preventiu basat en la llista blanca evita l'explotació de vulnerabilitats de seguretat (conegudes i fins i tot desconegudes) sense pèrdua de funcionalitat... Els experts hi estan d'acord: Firefox és realment més segur amb NoScript :-)","creator":null,"developers":null,"translators":null,"contributors":null,"locales":["ca"]},{"name":"NoScript","description":"Extra protection for your Firefox: NoScript allows JavaScript, Flash (and other plugins) only for trusted domains of your choice (e.g. your home-banking web site). This whitelist based pre-emptive blocking approach prevents exploitation of security vulnerabilities (known and even unknown!) with no loss of functionality… Experts will agree: Firefox is really safer with NoScript :-)","creator":null,"developers":null,"translators":null,"contributors":null,"locales":["ms"]},{"name":"NoScript","description":"为 Firefox 提供额外的保护：NoScript 只允许在您选择的信任域执行 JavaScript、Flash 以及其他插件（比如您的家庭银行网站）。这种基于预设白名单的拦截策略可以防止（已知或未知的）安全漏洞攻击，同时不损失任何功能…专业人士也会同意：NoScript 让 Firefox 更安全 :-)","creator":null,"developers":null,"translators":null,"contributors":null,"locales":["zh-CN"]},{"name":"NoScript","description":"Дополнительная защита для Firefox: NoScript позволяет разрешать JavaScript, Flash (и другие плагины) только для доверенных доменов, выбранных вами (например: сайт банковского обслуживания). Белый список, основанный на принципе упреждающего блокирования, позволяет предотвратить использование уязвимостей (известных и ещё не известных!) без потери функциональности… Эксперты соглашаются: Firefox действительно безопаснее с NoScript :-)","creator":null,"developers":null,"translators":null,"contributors":null,"locales":["ru"]},{"name":"NoScript","description":"Gwarez ouzhpenn evit ho Firefox: NoScript a aotren JavaScript, Flash (ha lugantoù all) nemetken evit an domanioù a c'heller kaout fiziañs enno diouzh ho c'hoant (da skouer, ho lec'hienn bank er gêr). An hentenn stankañ-mañ dizarbenn diazezet war ar wennlistenn a vir ouzh ar c'horvoiñ frailhoù surentez (anaveet ha dianaveet!) Hep koll arc'hweladur ebet... An dud arbennig a lavaro deoc'h: Firefox a zo suroc'h hag a galz gant NoScript :-)","creator":null,"developers":null,"translators":null,"contributors":null,"locales":["br"]},{"name":"NoScript","description":"Επιπλέον προστασία για τον Firefox σου: το NoScript επιτρέπει JavaScript, Flash (και άλλα πρόσθετα) μόνο από έμπιστους ιστοτόπους που εσύ επιλέγεις (για παράδειγμα την σελίδα της τράπεζάς σου). Αυτή η προσέγγιση προληπτικού μπλοκαρίσματος όλων των σελιδών εκτός των έμπιστων σελιδών, αποτρέπει την εκμετάλλευση ευπαθειών ασφάλειας (γνωστών ή και αγνώστων!) χωρίς να χάνεται χρηστικότητα.","creator":null,"developers":null,"translators":null,"contributors":null,"locales":["el"]},{"name":"NoScript","description":"Protección extra para tu Firefox: NoScript permite JavaScript, Flash (y otros complementos) sólo para dominios confiables de tu elección (por ejemplo, su sitio web de banca personal). Este enfoque de bloqueo preventivo basado en listas blancas evita la explotación de vulnerabilidades de seguridad (¡conocidas e incluso desconocidas!) sin pérdida de funcionalidad... Los expertos estarán de acuerdo: Firefox es realmente más seguro con NoScript :-)","creator":null,"developers":null,"translators":null,"contributors":null,"locales":["es"]},{"name":"NoScript","description":"Proteção extra para o seu Firefox: NoScript permite JavaScript, Flash (e outros plugins) somente para domínios confiáveis de sua escolha (por exemplo, o site de seu home-banking). Esta abordagem de bloqueio preventivo baseada em lista de permissões impede a exploração de vulnerabilidades de segurança (conhecidas e até mesmo desconhecidas!) sem perda de funcionalidade... Especialistas vão concordar: o Firefox é muito mais seguro com o NoScript :-)","creator":null,"developers":null,"translators":null,"contributors":null,"locales":["pt-BR"]},{"name":"NoScript","description":"אקסטרה הגנה עבור Firefox שלך: NoScript מתירה JavaScript, Flash (ומתקעים אחרים) רק עבור תחומים מהימנים לבחירתך (למשל, האתר של הבנקאות הביתית שלך). אופן מניעתי מבוסס־רשימה לבנה זה של חסימה מונע ניצול של פגיעויות אבטחה (ידועות ואפילו בלתי ידועות!) ללא אבדן תפקודיות... מומחים יסכימו: Firefox באמת בטוח יותר עם NoScript :-)","creator":null,"developers":null,"translators":null,"contributors":null,"locales":["he"]},{"name":"NoScript","description":"Firefox için ek koruma: NoScript, yalnız güvenilir olarak seçtiğiniz etki alanları için (İnternet bankacılığı gşbş) JavaScript, Flash (ve diğer uygulama ekleri) gibi bileşenlere izin verir. Bu beyaz liste temelli engelleme yaklaşımı, herhangi bir özellik kaybına neden olmadan güvenlik açıklarından yararlanılmasını engeller (bilinen ve bilinmeyen!)... Uzmanlar Firefox uygulamasının NoScript ile gerçekten güvenli olduğu konusunda hemfikir :-)","creator":null,"developers":null,"translators":null,"contributors":null,"locales":["tr"]},{"name":"NoScript","description":"Extra bescherming voor uw Firefox: NoScript staat JavaScript, Flash en andere plug-ins alleen toe voor vertrouwde domeinen van uw keuze (zoals uw website voor thuisbankieren). Deze op een toestemmingenlijst gebaseerde preventieve benadering van blokkering voorkomt exploitatie van beveiligingskwetsbaarheden (bekende en zelfs onbekende!) zonder verlies van functionaliteit… Experts zijn het ermee eens: Firefox is echt veiliger met NoScript. :-)","creator":null,"developers":null,"translators":null,"contributors":null,"locales":["nl"]}],"targetApplications":[{"id":"toolkit@mozilla.org","minVersion":"59.0","maxVersion":null}],"targetPlatforms":[],"multiprocessCompatible":true,"signedState":2,"seen":true,"dependencies":[],"hasEmbeddedWebExtension":false,"userPermissions":{"permissions":["contextMenus","privacy","storage","tabs","unlimitedStorage","webNavigation","webRequest","webRequestBlocking"],"origins":["<all_urls>","ftp://*/*"]},"icons":{"48":"img/icon48.png","96":"img/icon96.png","256":"img/icon256.png"},"iconURL":null,"icon64URL":null,"blocklistState":0,"blocklistURL":null,"startupData":null},{"id":"{acf99872-d701-4863-adc2-cdda1163aa34}","syncGUID":"{220a4305-683f-4700-a1b8-09eb49e4f4cc}","location":"app-profile","version":"0.1.1","type":"webextension","internalName":null,"updateKey":null,"optionsURL":"data/options/options.html","optionsType":5,"optionsBrowserStyle":true,"aboutURL":null,"defaultLocale":{"name":"Change Timezone (Time Shift)","description":"Easily change your timezone to a desired value and protect your privacy.","creator":null,"homepageURL":"http://mybrowseraddon.com/change-timezone.html","developers":null,"translators":null,"contributors":null},"visible":true,"active":true,"userDisabled":false,"appDisabled":false,"installDate":1541178506000,"updateDate":1541178506000,"applyBackgroundUpdates":1,"bootstrap":true,"path":"/root/.mozilla/firefox/82iq79vs.default/extensions/{acf99872-d701-4863-adc2-cdda1163aa34}.xpi","skinnable":false,"size":121553,"sourceURI":null,"releaseNotesURI":null,"softDisabled":false,"foreignInstall":true,"strictCompatibility":true,"locales":[],"targetApplications":[{"id":"toolkit@mozilla.org"}],"targetPlatforms":[],"multiprocessCompatible":true,"signedState":2,"seen":true,"dependencies":[],"hasEmbeddedWebExtension":false,"userPermissions":{"permissions":["tabs","storage","webNavigation"],"origins":["*://*/*"]},"icons":{"16":"data/icons/16.png","32":"data/icons/32.png","48":"data/icons/48.png","64":"data/icons/64.png","128":"data/icons/128.png"},"iconURL":null,"icon64URL":null,"blocklistState":0,"blocklistURL":null,"startupData":null},{"id":"{ab0ae774-f22f-479b-9b1b-6aff11bf6f5c}","syncGUID":"{ef2ff568-ea16-4972-aaab-539ab42cebb5}","location":"app-profile","version":"0.1.0","type":"webextension","internalName":null,"updateKey":null,"optionsURL":null,"optionsType":null,"optionsBrowserStyle":true,"aboutURL":null,"defaultLocale":{"name":"AudioContext Fingerprint Defender","description":"Defending against AudioContext fingerprinting by reporting a fake value.","creator":null,"homepageURL":"http://mybrowseraddon.com/audiocontext-defender.html","developers":null,"translators":null,"contributors":null},"visible":true,"active":true,"userDisabled":false,"appDisabled":false,"installDate":1541178320000,"updateDate":1541178320000,"applyBackgroundUpdates":1,"bootstrap":true,"path":"/root/.mozilla/firefox/82iq79vs.default/extensions/{ab0ae774-f22f-479b-9b1b-6aff11bf6f5c}.xpi","skinnable":false,"size":43338,"sourceURI":null,"releaseNotesURI":null,"softDisabled":false,"foreignInstall":true,"strictCompatibility":true,"locales":[],"targetApplications":[{"id":"toolkit@mozilla.org"}],"targetPlatforms":[],"multiprocessCompatible":true,"signedState":2,"seen":true,"dependencies":[],"hasEmbeddedWebExtension":false,"userPermissions":{"permissions":["storage","notifications"],"origins":["*://*/*"]},"icons":{"16":"data/icons/16.png","32":"data/icons/32.png","48":"data/icons/48.png","64":"data/icons/64.png","128":"data/icons/128.png"},"iconURL":null,"icon64URL":null,"blocklistState":0,"blocklistURL":null,"startupData":null},{"id":"aushelper@mozilla.org","syncGUID":"{b88adba2-382e-4219-85ed-aa28077044a5}","location":"app-system-defaults","version":"2.0","type":"extension","internalName":null,"updateURL":null,"updateKey":null,"optionsURL":null,"optionsType":null,"aboutURL":null,"defaultLocale":{"name":"Application Update Service Helper","description":"Sets value(s) in the update url based on custom checks.","creator":null,"homepageURL":null},"visible":true,"active":true,"userDisabled":false,"appDisabled":false,"installDate":1491083139000,"updateDate":1539806265000,"applyBackgroundUpdates":1,"bootstrap":true,"path":"/usr/lib/firefox-esr/browser/features/aushelper@mozilla.org.xpi","skinnable":false,"size":8425,"sourceURI":null,"releaseNotesURI":null,"softDisabled":false,"foreignInstall":false,"strictCompatibility":false,"locales":[],"targetApplications":[{"id":"{ec8030f7-c20a-464f-9b0e-13a3a9e97384}","minVersion":"60.3.0","maxVersion":"60.*"}],"targetPlatforms":[],"multiprocessCompatible":true,"seen":true,"dependencies":[],"hasEmbeddedWebExtension":false,"mpcOptedOut":false,"userPermissions":null,"icons":{},"iconURL":null,"icon64URL":null,"blocklistState":0,"blocklistURL":null,"startupData":null},{"id":"webcompat@mozilla.org","syncGUID":"{b6bd31a7-1746-47e6-b906-949afc1757f2}","location":"app-system-defaults","version":"1.1","type":"extension","internalName":null,"updateURL":null,"updateKey":null,"optionsURL":null,"optionsType":null,"aboutURL":null,"defaultLocale":{"name":"Web Compat","description":"Urgent post-release fixes for web compatibility.","creator":null,"homepageURL":null},"visible":true,"active":true,"userDisabled":false,"appDisabled":false,"installDate":1491083139000,"updateDate":1539806265000,"applyBackgroundUpdates":1,"bootstrap":true,"path":"/usr/lib/firefox-esr/browser/features/webcompat@mozilla.org.xpi","skinnable":false,"size":9137,"sourceURI":null,"releaseNotesURI":null,"softDisabled":false,"foreignInstall":false,"strictCompatibility":false,"locales":[],"targetApplications":[{"id":"{ec8030f7-c20a-464f-9b0e-13a3a9e97384}","minVersion":"60.3.0","maxVersion":"60.*"}],"targetPlatforms":[],"multiprocessCompatible":true,"seen":true,"dependencies":[],"hasEmbeddedWebExtension":false,"mpcOptedOut":false,"userPermissions":null,"icons":{},"iconURL":null,"icon64URL":null,"blocklistState":0,"blocklistURL":null,"startupData":null},{"id":"firefox@getpocket.com","syncGUID":"{dc6a6dd2-1d22-4032-adcb-cd363a8e0abb}","location":"app-system-defaults","version":"1.0.5","type":"extension","internalName":null,"updateURL":null,"updateKey":null,"optionsURL":null,"optionsType":null,"aboutURL":null,"defaultLocale":{"name":"Pocket","description":"When you find something you want to view later, put it in Pocket.","creator":null,"homepageURL":null},"visible":true,"active":true,"userDisabled":false,"appDisabled":false,"installDate":1491083139000,"updateDate":1539806265000,"applyBackgroundUpdates":1,"bootstrap":true,"path":"/usr/lib/firefox-esr/browser/features/firefox@getpocket.com.xpi","skinnable":false,"size":856017,"sourceURI":null,"releaseNotesURI":null,"softDisabled":false,"foreignInstall":false,"strictCompatibility":false,"locales":[],"targetApplications":[{"id":"{ec8030f7-c20a-464f-9b0e-13a3a9e97384}","minVersion":"60.3.0","maxVersion":"60.*"}],"targetPlatforms":[],"multiprocessCompatible":true,"seen":true,"dependencies":[],"hasEmbeddedWebExtension":false,"mpcOptedOut":false,"userPermissions":null,"icons":{},"iconURL":null,"icon64URL":null,"blocklistState":0,"blocklistURL":null,"startupData":null},{"id":"activity-stream@mozilla.org","syncGUID":"{6a42ce87-5a07-49b0-aa59-2e94dcbedad3}","location":"app-system-defaults","version":"2018.04.20.1103-b3b95672","type":"extension","internalName":null,"updateURL":null,"updateKey":null,"optionsURL":null,"optionsType":null,"aboutURL":null,"defaultLocale":{"name":"Activity Stream","description":"A rich visual history feed and a reimagined home page make it easier than ever to find exactly what you're looking for in Firefox.","creator":null,"homepageURL":null},"visible":true,"active":true,"userDisabled":false,"appDisabled":false,"installDate":1539806265000,"updateDate":1539806265000,"applyBackgroundUpdates":1,"bootstrap":true,"path":"/usr/lib/firefox-esr/browser/features/activity-stream@mozilla.org.xpi","skinnable":false,"size":2536973,"sourceURI":null,"releaseNotesURI":null,"softDisabled":false,"foreignInstall":false,"strictCompatibility":false,"locales":[],"targetApplications":[{"id":"{ec8030f7-c20a-464f-9b0e-13a3a9e97384}","minVersion":"60.3.0","maxVersion":"60.*"}],"targetPlatforms":[],"multiprocessCompatible":true,"seen":true,"dependencies":[],"hasEmbeddedWebExtension":false,"mpcOptedOut":false,"userPermissions":null,"icons":{},"iconURL":null,"icon64URL":null,"blocklistState":0,"blocklistURL":null,"startupData":null},{"id":"followonsearch@mozilla.com","syncGUID":"{b612b4da-fb10-4759-811e-b48e78c80611}","location":"app-system-defaults","version":"0.9.6","type":"extension","internalName":null,"updateURL":null,"updateKey":null,"optionsURL":null,"optionsType":null,"aboutURL":null,"defaultLocale":{"name":"Follow-on Search Telemetry","description":null,"creator":null,"homepageURL":null},"visible":true,"active":true,"userDisabled":false,"appDisabled":false,"installDate":1539806265000,"updateDate":1539806265000,"applyBackgroundUpdates":1,"bootstrap":true,"path":"/usr/lib/firefox-esr/browser/features/followonsearch@mozilla.com.xpi","skinnable":false,"size":18539,"sourceURI":null,"releaseNotesURI":null,"softDisabled":false,"foreignInstall":false,"strictCompatibility":false,"locales":[],"targetApplications":[{"id":"{ec8030f7-c20a-464f-9b0e-13a3a9e97384}","minVersion":"52.0","maxVersion":"66.*"}],"targetPlatforms":[],"multiprocessCompatible":true,"seen":true,"dependencies":[],"hasEmbeddedWebExtension":false,"mpcOptedOut":false,"userPermissions":null,"icons":{},"iconURL":null,"icon64URL":null,"blocklistState":0,"blocklistURL":null,"startupData":null},{"id":"formautofill@mozilla.org","syncGUID":"{7e0eddba-110b-4234-bfba-f4ef3615fc7d}","location":"app-system-defaults","version":"1.0","type":"extension","internalName":null,"updateURL":null,"updateKey":null,"optionsURL":null,"optionsType":null,"aboutURL":null,"defaultLocale":{"name":"Form Autofill","description":"Autofill forms with saved profiles","creator":null,"homepageURL":null},"visible":true,"active":true,"userDisabled":false,"appDisabled":false,"installDate":1539806265000,"updateDate":1539806265000,"applyBackgroundUpdates":1,"bootstrap":true,"path":"/usr/lib/firefox-esr/browser/features/formautofill@mozilla.org.xpi","skinnable":false,"size":457534,"sourceURI":null,"releaseNotesURI":null,"softDisabled":false,"foreignInstall":false,"strictCompatibility":false,"locales":[],"targetApplications":[{"id":"{ec8030f7-c20a-464f-9b0e-13a3a9e97384}","minVersion":"60.3.0","maxVersion":"60.*"}],"targetPlatforms":[],"multiprocessCompatible":true,"seen":true,"dependencies":[],"hasEmbeddedWebExtension":false,"mpcOptedOut":false,"userPermissions":null,"icons":{},"iconURL":null,"icon64URL":null,"blocklistState":0,"blocklistURL":null,"startupData":null},{"id":"jaws-esr@mozilla.org","syncGUID":"{15127186-65d7-44e8-88c4-81581423249f}","location":"app-system-defaults","version":"1.2","type":"extension","internalName":null,"updateURL":null,"updateKey":null,"optionsURL":null,"optionsType":null,"aboutURL":null,"defaultLocale":{"name":"Firefox ESR configurer for OLDJAWS screen reader","description":"Disabled e10s for users of OLDJAWS.","creator":null,"homepageURL":null},"visible":true,"active":true,"userDisabled":false,"appDisabled":false,"installDate":1539806265000,"updateDate":1539806265000,"applyBackgroundUpdates":1,"bootstrap":true,"path":"/usr/lib/firefox-esr/browser/features/jaws-esr@mozilla.org.xpi","skinnable":false,"size":5237,"sourceURI":null,"releaseNotesURI":null,"softDisabled":false,"foreignInstall":false,"strictCompatibility":false,"locales":[],"targetApplications":[{"id":"{ec8030f7-c20a-464f-9b0e-13a3a9e97384}","minVersion":"60.0","maxVersion":"60.*"}],"targetPlatforms":[],"multiprocessCompatible":true,"seen":true,"dependencies":[],"hasEmbeddedWebExtension":false,"mpcOptedOut":false,"userPermissions":null,"icons":{},"iconURL":null,"icon64URL":null,"blocklistState":0,"blocklistURL":null,"startupData":null},{"id":"onboarding@mozilla.org","syncGUID":"{7cd74925-5418-4f8f-b898-c201276cee43}","location":"app-system-defaults","version":"1.0","type":"extension","internalName":null,"updateURL":null,"updateKey":null,"optionsURL":null,"optionsType":null,"aboutURL":null,"defaultLocale":{"name":"Photon onboarding","description":"Photon onboarding","creator":null,"homepageURL":null},"visible":true,"active":true,"userDisabled":false,"appDisabled":false,"installDate":1539806265000,"updateDate":1539806265000,"applyBackgroundUpdates":1,"bootstrap":true,"path":"/usr/lib/firefox-esr/browser/features/onboarding@mozilla.org.xpi","skinnable":false,"size":562340,"sourceURI":null,"releaseNotesURI":null,"softDisabled":false,"foreignInstall":false,"strictCompatibility":false,"locales":[],"targetApplications":[{"id":"{ec8030f7-c20a-464f-9b0e-13a3a9e97384}","minVersion":"60.3.0","maxVersion":"60.*"}],"targetPlatforms":[],"multiprocessCompatible":true,"seen":true,"dependencies":[],"hasEmbeddedWebExtension":false,"mpcOptedOut":false,"userPermissions":null,"icons":{},"iconURL":null,"icon64URL":null,"blocklistState":0,"blocklistURL":null,"startupData":null},{"id":"screenshots@mozilla.org","syncGUID":"{aeda634d-313a-43ad-bdfd-fc440769c58a}","location":"app-system-defaults","version":"30.1.0","type":"extension","internalName":null,"updateURL":null,"updateKey":null,"optionsURL":null,"optionsType":null,"aboutURL":null,"defaultLocale":{"name":"Firefox Screenshots","description":null,"creator":null,"homepageURL":"https://screenshots.firefox.com/"},"visible":true,"active":true,"userDisabled":false,"appDisabled":false,"installDate":1539806265000,"updateDate":1539806265000,"applyBackgroundUpdates":1,"bootstrap":true,"path":"/usr/lib/firefox-esr/browser/features/screenshots@mozilla.org.xpi","skinnable":false,"size":1043197,"sourceURI":null,"releaseNotesURI":null,"softDisabled":false,"foreignInstall":false,"strictCompatibility":false,"locales":[],"targetApplications":[{"id":"{ec8030f7-c20a-464f-9b0e-13a3a9e97384}","minVersion":"57.0a1","maxVersion":"*"}],"targetPlatforms":[],"multiprocessCompatible":true,"seen":true,"dependencies":[],"hasEmbeddedWebExtension":false,"mpcOptedOut":false,"userPermissions":null,"icons":{},"iconURL":null,"icon64URL":null,"blocklistState":0,"blocklistURL":null,"startupData":null},{"id":"{972ce4c6-7e08-4474-a285-3208198ce6fd}","syncGUID":"{02261b81-ac35-4814-999a-0d6cf0dfd41b}","location":"app-global","version":"60.3.0","type":"theme","internalName":"classic/1.0","updateURL":null,"updateKey":null,"optionsURL":null,"optionsType":null,"optionsBrowserStyle":null,"aboutURL":null,"defaultLocale":{"name":"Default","description":"The default theme.","creator":"Mozilla","homepageURL":null,"contributors":["Mozilla Contributors"]},"visible":true,"active":true,"userDisabled":false,"appDisabled":false,"installDate":1491083139000,"updateDate":1539806265000,"applyBackgroundUpdates":1,"path":"/usr/lib/firefox-esr/browser/extensions/{972ce4c6-7e08-4474-a285-3208198ce6fd}.xpi","skinnable":true,"size":1907,"sourceURI":null,"releaseNotesURI":null,"softDisabled":false,"foreignInstall":false,"strictCompatibility":true,"locales":[],"targetApplications":[{"id":"{ec8030f7-c20a-464f-9b0e-13a3a9e97384}","minVersion":"60.3.0","maxVersion":"60.3.0"}],"targetPlatforms":[],"seen":true,"dependencies":[],"hasEmbeddedWebExtension":false,"userPermissions":null,"icons":{},"iconURL":"chrome://browser/content/default-theme-icon.svg","icon64URL":null,"blocklistState":0,"blocklistURL":null,"startupData":null},{"id":"CanvasBlocker@kkapsner.de","syncGUID":"{e7a0f5c4-95a9-47e9-9089-acc54dd061cb}","location":"app-profile","version":"0.5.5","type":"webextension","internalName":null,"updateURL":null,"updateKey":null,"optionsURL":"options/options.html","optionsType":5,"optionsBrowserStyle":true,"aboutURL":null,"defaultLocale":{"name":"CanvasBlocker","description":"Alters some JS APIs to prevent fingerprinting.","creator":"Korbinian Kapsner","developers":null,"translators":null,"contributors":null},"visible":true,"active":true,"userDisabled":false,"appDisabled":false,"installDate":1541179346000,"updateDate":1541179346000,"applyBackgroundUpdates":1,"bootstrap":true,"path":"/root/.mozilla/firefox/82iq79vs.default/extensions/CanvasBlocker@kkapsner.de.xpi","skinnable":false,"size":660648,"sourceURI":"file:///root/Downloads/canvasblocker-0.5.5-an+fx.xpi","releaseNotesURI":null,"softDisabled":false,"foreignInstall":false,"strictCompatibility":true,"locales":[{"name":"CanvasBlocker","description":"Alters some JS APIs to prevent fingerprinting.","creator":"Korbinian Kapsner","developers":null,"translators":null,"contributors":null,"locales":["en"]},{"name":"CanvasBlocker","description":"Change l’interface de programmation applicative JavaScript en maquillant les données <canva> pour empêcher le pistage par son intermédiaire.","creator":"Korbinian Kapsner","developers":null,"translators":null,"contributors":null,"locales":["fr"]},{"name":"CanvasBlocker","description":"Gestisce le JS-API modificando i <canvas> per prevenire il Canvas-Fingerprinting.","creator":"Korbinian Kapsner","developers":null,"translators":null,"contributors":null,"locales":["it"]},{"name":"CanvasBlocker","description":"Verändert einige JS-APIs um Fingerprinting zu verhindern.","creator":"Korbinian Kapsner","developers":null,"translators":null,"contributors":null,"locales":["de"]},{"name":"CanvasBlocker","description":"改变修改 <canvas> 的 JS-API 来预防画布（Canvas）指纹跟踪。","creator":"Korbinian Kapsner","developers":null,"translators":null,"contributors":null,"locales":["zh-CN"]},{"name":"CanvasBlocker","description":"Altera algunas API de JS para evitar la huella digital.","creator":"Korbinian Kapsner","developers":null,"translators":null,"contributors":null,"locales":["es"]}],"targetApplications":[{"id":"toolkit@mozilla.org","minVersion":"52.0","maxVersion":null}],"targetPlatforms":[],"multiprocessCompatible":true,"signedState":2,"seen":true,"dependencies":[],"hasEmbeddedWebExtension":false,"userPermissions":{"permissions":["storage","tabs","activeTab","webRequest","webRequestBlocking"],"origins":["<all_urls>"]},"icons":{"48":"icons/icon.svg","96":"icons/icon.svg"},"iconURL":null,"icon64URL":null,"blocklistState":0,"blocklistURL":null,"startupData":null},{"id":"{3579f63b-d8ee-424f-bbb6-6d0ce3285e6a}","syncGUID":"{58348081-94d5-456e-a878-510eab19b2f9}","location":"app-profile","version":"0.9.23","type":"webextension","internalName":null,"updateURL":null,"updateKey":null,"optionsURL":null,"optionsType":null,"optionsBrowserStyle":true,"aboutURL":null,"defaultLocale":{"name":"Chameleon","description":"Spoof your browser profile. Includes a few privacy enhancing options.","creator":"sereneblue","developers":null,"translators":null,"contributors":null},"visible":true,"active":true,"userDisabled":false,"appDisabled":false,"installDate":1544729175000,"updateDate":1544729175000,"applyBackgroundUpdates":1,"bootstrap":true,"path":"/root/.mozilla/firefox/82iq79vs.default/extensions/{3579f63b-d8ee-424f-bbb6-6d0ce3285e6a}.xpi","skinnable":false,"size":628802,"sourceURI":"file:///root/.mozilla/firefox/82iq79vs.default/extensions/chameleon-0.9.23-an+fx.xpi","releaseNotesURI":null,"softDisabled":false,"foreignInstall":false,"strictCompatibility":true,"locales":[],"targetApplications":[{"id":"toolkit@mozilla.org","minVersion":"59.0a1","maxVersion":null}],"targetPlatforms":[],"multiprocessCompatible":true,"signedState":2,"seen":true,"dependencies":[],"hasEmbeddedWebExtension":false,"userPermissions":{"permissions":["alarms","notifications","privacy","storage","webRequest","webRequestBlocking"],"origins":["<all_urls>"]},"icons":{"48":"img/icon_48.png","128":"img/icon_128.png"},"iconURL":null,"icon64URL":null,"blocklistState":0,"blocklistURL":null,"startupData":null}]}