{"chrome://browser/content/browser.xul":{"main-window":{"sizemode":"maximized","screenX":"118","screenY":"28","width":"1000","height":"688"},"addon-bar":{"migratedset":"noscript-tbb","currentset":"addonbar-closebutton,noscript-tbb,status-bar"},"toolbar-menubar":{"autohide":"true"},"PersonalToolbar":{"collapsed":"false"},"sidebar-box":{"src":""},"sidebar-title":{"value":""}},"about:preferences#applications":{"handlersView":{"lastSelectedType":"application/vnd.mozilla.maybe.feed"}},"about:config":{"prefCol":{"ordinal":"1","sortDirection":"ascending"},"lockCol":{"ordinal":"3"},"typeCol":{"ordinal":"5"},"valueCol":{"ordinal":"7"}},"chrome://browser/content/sanitize.xul":{"SanitizeDialog":{"screenX":"361","screenY":"167"},"detailsExpander":{"class":"expander-up"},"itemList":{"collapsed":"false"}},"chrome://mozapps/content/downloads/unknownContentType.xul":{"unknownContentType":{"screenX":"361","screenY":"169"}},"chrome://browser/content/preferences/connection.xul":{"ConnectionsDialog":{"screenX":"440","screenY":"133"}},"chrome://noscript/content/noscriptOptions.xul":{"noscriptOptions":{"screenX":"468","screenY":"219"}},"chrome://browser/content/preferences/permissions.xul":{"PermissionsDialog":{"screenX":"470","screenY":"260","width":"660","height":"384"}},"about:preferences":{"handlersView":{"lastSelectedType":"application/vnd.mozilla.maybe.audio.feed"}}}